specialty_name,itemid,lab_label,fluid,category,unit,case_count,coverage_pct,raw_lab_record_count,min_value,mean_value,max_value
心血管,50971,Potassium,Blood,Chemistry,mEq/L,19795,83.5302557177821,28432,0.8,4.132460726413997,11.1
心血管,51221,Hematocrit,Blood,Hematology,%,19759,83.37834416406447,28701,9.4,34.27772330226414,64.6
心血管,50912,Creatinine,Blood,Chemistry,mg/dL,19758,83.37412439868343,27152,0.0,1.3577731624079938,19.5
心血管,51006,Urea Nitrogen,Blood,Chemistry,mg/dL,19682,83.05342222972402,26965,1.0,23.82961492492536,208.0
心血管,50983,Sodium,Blood,Chemistry,mEq/L,19564,82.55548991476074,27823,102.0,138.6956875764686,179.0
心血管,50902,Chloride,Blood,Chemistry,mEq/L,19560,82.53861085323656,27773,65.0,103.41814904080242,140.0
心血管,51265,Platelet Count,Blood,Hematology,K/uL,19486,82.22634821503924,26609,5.0,228.92626413139473,1875.0
心血管,50882,Bicarbonate,Blood,Chemistry,mEq/L,19217,81.09123132753818,26315,6.0,25.254786411832775,48.0
心血管,50868,Anion Gap,Blood,Chemistry,mEq/L,19202,81.02793484682252,26191,-1.0,13.739082238457305,49.0
心血管,51301,White Blood Cells,Blood,Hematology,K/uL,19172,80.90134188539118,25644,0.1,8.863848912435131,284.2
心血管,51222,Hemoglobin,Blood,Hematology,g/dL,19170,80.89290235462909,25828,2.7,11.33289581522054,20.3
心血管,51250,MCV,Blood,Hematology,fL,19123,80.69457338171998,25571,53.1,90.42810018933405,132.8
心血管,51279,Red Blood Cells,Blood,Hematology,m/uL,19123,80.69457338171998,25571,0.79,3.8062561247197553,7.9
心血管,51248,MCH,Blood,Hematology,pg,19122,80.69035361633892,25570,15.7,29.913588711083218,45.8
心血管,51277,RDW,Blood,Hematology,%,19121,80.68613385095789,25565,11.0,14.822221014375453,34.5
心血管,50931,Glucose,Blood,Chemistry,mg/dL,19032,80.3105747320449,25660,23.0,128.11352859344663,1746.0
心血管,50960,Magnesium,Blood,Chemistry,mg/dL,17598,74.25943117562663,23756,0.3,1.9903720931491131,24.3
心血管,50893,"Calcium, Total",Blood,Chemistry,mg/dL,16827,71.00599206684109,22301,1.9,8.770354305863309,15.9
心血管,50970,Phosphate,Blood,Chemistry,mg/dL,16728,70.58823529411765,22172,0.3,3.5469931936189107,32.8
心血管,51249,MCHC,Blood,Hematology,%,15295,64.54131150308042,20559,25.5,33.18850756290312,39.6
心血管,51274,PT,Blood,Hematology,sec,12481,52.666891720820324,16711,8.1,16.250127832978567,150.0
心血管,51237,INR(PT),Blood,Hematology,,12479,52.658452190058235,16717,0.6,1.4898755091815432,24.9
心血管,51275,PTT,Blood,Hematology,sec,11950,50.426196303485526,17656,17.8,39.042154096554306,150.0
心血管,50878,Asparate Aminotransferase (AST),Blood,Chemistry,IU/L,6270,26.45792893915098,7157,3.0,62.25029771398192,8267.0
心血管,50861,Alanine Aminotransferase (ALT),Blood,Chemistry,IU/L,6260,26.415731285340534,7151,1.0,50.843548988285406,4216.0
心血管,50863,Alkaline Phosphatase,Blood,Chemistry,IU/L,6090,25.69837117056292,6934,5.0,125.12955938697318,2703.0
心血管,50885,"Bilirubin, Total",Blood,Chemistry,mg/dL,6051,25.53380032070217,6904,0.0,1.261324574450504,50.7
心血管,50910,Creatine Kinase (CK),Blood,Chemistry,IU/L,5740,24.22145328719723,8876,6.0,319.1982839721254,93400.0
心血管,50911,"Creatine Kinase, MB Isoenzyme",Blood,Chemistry,ng/mL,5190,21.900582327622583,8131,1.0,10.891885035324341,559.0
心血管,51491,pH,Urine,Hematology,units,4397,18.554308380454046,4624,5.0,5.973477587532625,9.0
心血管,51498,Specific Gravity,Urine,Hematology, ,4263,17.98885981939404,4487,1.0,1.0169222970633245,1.08
心血管,50862,Albumin,Blood,Chemistry,g/dL,3978,16.78622668579627,4332,0.6,3.490814060667002,6.3
心血管,51146,Basophils,Blood,Hematology,%,3864,16.30517343235716,4238,0.0,0.3845949792960663,5.0
心血管,51200,Eosinophils,Blood,Hematology,%,3864,16.30517343235716,4238,0.0,1.837573326432022,70.6
心血管,51244,Lymphocytes,Blood,Hematology,%,3864,16.30517343235716,4238,0.0,18.068305728088337,98.0
心血管,51254,Monocytes,Blood,Hematology,%,3864,16.30517343235716,4238,0.0,6.111564009661835,62.0
心血管,51256,Neutrophils,Blood,Hematology,%,3864,16.30517343235716,4238,0.0,72.4440670289855,100.0
心血管,51249,MCHC,Blood,Hematology,g/dL,3829,16.157481644020592,5015,25.4,32.72537477148081,37.4
心血管,52172,RDW-SD,Blood,Hematology,fL,3828,16.153261878639547,5009,34.7,46.60464123998607,106.2
心血管,50954,Lactate Dehydrogenase (LD),Blood,Chemistry,IU/L,3454,14.575069626128787,3835,65.0,277.1101766068327,8790.0
心血管,51003,Troponin T,Blood,Chemistry,ng/mL,3324,14.026500126592962,5612,0.01,0.41884897713598074,24.45
心血管,50813,Lactate,Blood,Blood Gas,mmol/L,3186,13.444172504008778,6714,0.0,1.9372572944771624,101.0
心血管,50820,pH,Blood,Blood Gas,units,2966,12.515824120178918,9658,6.65,7.386211996989023,7.78
心血管,50934,H,Blood,Chemistry,,2931,12.36813233184235,4285,0.0,15.273791652450813,956.0
心血管,50947,I,Blood,Chemistry,,2931,12.36813233184235,4285,0.0,1.0223018310019334,22.0
心血管,51678,L,Blood,Chemistry,,2931,12.36813233184235,4285,0.0,13.50777891504606,760.0
心血管,50804,Calculated Total CO2,Blood,Blood Gas,mEq/L,2804,11.832222128449658,9171,0.0,25.495014580735763,102.0
心血管,50802,Base Excess,Blood,Blood Gas,mEq/L,2802,11.823782597687568,9168,-33.0,-0.21063386596056757,63.0
心血管,50818,pCO2,Blood,Blood Gas,mm Hg,2802,11.823782597687568,9169,10.0,41.19968279220845,151.0
心血管,50821,pO2,Blood,Blood Gas,mm Hg,2802,11.823782597687568,9168,15.0,172.6966591275274,743.0
心血管,51493,RBC,Urine,Hematology,#/hpf,2290,9.663262722592624,2374,0.0,16.337008733624454,929.0
心血管,51476,Epithelial Cells,Urine,Hematology,#/hpf,2182,9.207528061439785,2255,0.0,1.468377635197067,424.0
心血管,51516,WBC,Urine,Hematology,#/hpf,2175,9.17798970377247,2252,0.0,31.224827586206896,1000.0
心血管,50852,% Hemoglobin A1c,Blood,Chemistry,%,2008,8.473288885137986,2047,4.1,6.429789176626826,15.4
心血管,50808,Free Calcium,Blood,Blood Gas,mmol/L,2004,8.456409823613807,5471,0.3,1.1243772641474736,3.36
心血管,50993,Thyroid Stimulating Hormone,Blood,Chemistry,uIU/mL,1802,7.604017216642755,1845,0.033,3.016559933407325,99.0
心血管,51000,Triglycerides,Blood,Chemistry,mg/dL,1756,7.409908009114694,1795,27.0,131.27790432801822,2432.0
心血管,50907,"Cholesterol, Total",Blood,Chemistry,mg/dL,1692,7.139843024727825,1728,12.0,163.54787234042553,576.0
心血管,50904,"Cholesterol, HDL",Blood,Chemistry,mg/dL,1674,7.063887247869019,1707,2.0,48.46923536439665,131.0
心血管,50903,Cholesterol Ratio (Total/HDL),Blood,Chemistry,Ratio,1669,7.042788420963794,1702,1.5,3.7228879568603954,38.1
心血管,50822,"Potassium, Whole Blood",Blood,Blood Gas,mEq/L,1658,6.996371001772301,5009,0.7,4.165588337577179,8.8
心血管,51613,eAG,Blood,Chemistry,mg/dL,1629,6.873997805722002,1660,71.0,136.01503990178023,395.0
心血管,50809,Glucose,Blood,Blood Gas,mg/dL,1611,6.798042028863195,5323,20.0,143.64219209393667,786.0
心血管,50905,"Cholesterol, LDL, Calculated",Blood,Chemistry,mg/dL,1610,6.79382226348215,1643,11.0,90.54627329192546,481.0
心血管,51492,Protein,Urine,Hematology,mg/dL,1532,6.464680563760655,1604,10.0,70.01033507397737,600.0
心血管,50810,"Hematocrit, Calculated",Blood,Blood Gas,%,1407,5.9372098911300535,3598,11.0,32.52874438047146,57.0
心血管,50811,Hemoglobin,Blood,Blood Gas,g/dL,1407,5.9372098911300535,3598,3.6,10.819740835055335,19.1
心血管,50824,"Sodium, Whole Blood",Blood,Blood Gas,mEq/L,1404,5.924550594986918,3086,112.0,136.78233274718318,182.0
心血管,50806,"Chloride, Whole Blood",Blood,Blood Gas,mEq/L,1343,5.667144906743185,2552,73.0,104.98790360999966,148.0
心血管,51082,"Creatinine, Urine",Urine,Chemistry,mg/dL,1341,5.6587053759810955,1407,3.0,86.15038528461348,527.0
心血管,51100,"Sodium, Urine",Urine,Chemistry,mEq/L,1172,4.9455650265845215,1228,10.0,62.74921786120591,251.0
心血管,50956,Lipase,Blood,Chemistry,IU/L,1171,4.941345261203477,1267,4.0,113.7364076288073,5220.0
心血管,50817,Oxygen Saturation,Blood,Blood Gas,%,1059,4.468731538526458,2460,13.0,91.13749341624695,967.0
心血管,50867,Amylase,Blood,Chemistry,IU/L,905,3.8188876698455565,975,8.0,100.34106813996317,2972.0
心血管,51214,"Fibrinogen, Functional",Blood,Hematology,mg/dL,899,3.7935690775592876,1222,38.0,294.19330072350095,1197.0
心血管,51093,"Osmolality, Urine",Urine,Chemistry,mOsm/kg,884,3.7302725968436157,930,60.0,423.99443815987934,950.0
心血管,51097,"Potassium, Urine",Urine,Chemistry,mEq/L,884,3.7302725968436157,924,2.0,37.56617647058823,100.0
心血管,50952,Iron,Blood,Chemistry,ug/dL,858,3.6205586969364503,877,5.0,50.2039627039627,582.0
心血管,51104,"Urea Nitrogen, Urine",Urine,Chemistry,mg/dL,853,3.599459870031226,881,45.0,534.8137944509574,1744.0
心血管,50924,Ferritin,Blood,Chemistry,ng/mL,843,3.5572622162207783,857,1.7,377.182443653618,9596.0
心血管,50998,Transferrin,Blood,Chemistry,mg/dL,834,3.519284327791375,850,37.0,202.07134292565948,424.0
心血管,50953,"Iron Binding Capacity, Total",Blood,Chemistry,ug/dL,833,3.51506456241033,849,48.0,262.6506602641056,551.0
心血管,51078,"Chloride, Urine",Urine,Chemistry,mEq/L,829,3.4981855008861507,863,10.0,59.80096501809409,249.0
心血管,52069,Absolute Basophil Count,Blood,Hematology,K/uL,808,3.40957042788421,898,0.0,0.03507838283828383,0.39
心血管,52073,Absolute Eosinophil Count,Blood,Hematology,K/uL,808,3.40957042788421,898,0.0,0.11659447194719472,2.34
心血管,51133,Absolute Lymphocyte Count,Blood,Hematology,K/uL,808,3.40957042788421,898,0.0,1.9729692656765676,196.65
心血管,52074,Absolute Monocyte Count,Blood,Hematology,K/uL,808,3.40957042788421,898,0.0,0.6267636138613861,4.14
心血管,52075,Absolute Neutrophil Count,Blood,Hematology,K/uL,808,3.40957042788421,898,0.0,6.376507838283828,34.64
心血管,51482,Hyaline Casts,Urine,Hematology,#/lpf,788,3.3251751202633133,807,1.0,9.766497461928934,300.0
心血管,51144,Bands,Blood,Hematology,%,734,3.0973077896868935,825,0.0,2.8296775658492277,41.0
心血管,50908,CK-MB Index,Blood,Chemistry,%,712,3.0044729513039075,1198,0.1,6.307598314606742,25.3
心血管,51514,Urobilinogen,Urine,Hematology,mg/dL,694,2.928517174445101,714,0.2,2.7077809798270893,12.0
心血管,52135,Immature Granulocytes,Blood,Hematology,%,678,2.8610009283483837,736,0.1,0.6859144542772861,4.9
心血管,51251,Metamyelocytes,Blood,Hematology,%,663,2.7977044476327118,743,0.0,0.6994469582704878,24.0
心血管,51255,Myelocytes,Blood,Hematology,%,660,2.785045151489577,741,0.0,0.49242424242424243,21.0
心血管,51143,Atypical Lymphocytes,Blood,Hematology,%,657,2.772385855346443,737,0.0,0.5802384576357179,45.0
心血管,50889,C-Reactive Protein,Blood,Chemistry,mg/L,651,2.747067263060174,676,0.2,58.31689708141322,296.8
心血管,50825,Temperature,Blood,Blood Gas,,639,2.6964300784876363,1062,30.0,36.722166082917255,40.0
心血管,51010,Vitamin B12,Blood,Chemistry,pg/mL,634,2.675331251582412,637,147.0,699.9345425867508,1966.0
心血管,50816,Oxygen,Blood,Blood Gas,%,626,2.6415731285340533,1005,-6.0,57.927647193062526,100.0
心血管,51484,Ketone,Urine,Hematology,mg/dL,526,2.219596590429572,541,10.0,34.97148288973384,150.0
心血管,50826,Tidal Volume,Blood,Blood Gas,,500,2.109882690522407,800,40.0,521.8626904761904,1800.0
心血管,51478,Glucose,Urine,Hematology,mg/dL,494,2.084564098236138,511,70.0,421.44736842105266,1000.0
心血管,50964,"Osmolality, Measured",Blood,Chemistry,mOsm/kg,464,1.9579711368047936,865,241.0,296.0338362068966,421.0
心血管,50963,NTproBNP,Blood,Chemistry,pg/mL,447,1.8862351253270317,458,11.0,5986.601416853095,58237.0
心血管,50819,PEEP,Blood,Blood Gas,,437,1.8440374715165837,675,0.0,5.853786640514329,20.0
心血管,51288,Sedimentation Rate,Blood,Hematology,mm/hr,394,1.6625875601316566,402,0.0,52.75084602368866,150.0
心血管,50986,tacroFK,Blood,Chemistry,ng/mL,390,1.6457084986074775,413,1.8,7.6973076923076915,29.3
心血管,50935,Haptoglobin,Blood,Chemistry,mg/dL,364,1.5359945987003123,384,5.0,192.0478937728938,704.0
心血管,50967,Phenytoin,Blood,Chemistry,ug/mL,363,1.5317748333192676,437,0.7,11.309302112029386,33.9
心血管,51283,"Reticulocyte Count, Automated",Blood,Hematology,%,354,1.493796944889864,362,0.1,2.2994350282485874,13.5
心血管,50925,Folate,Blood,Chemistry,ng/mL,304,1.2828086758376234,305,3.5,12.729605263157895,20.0
心血管,51007,Uric Acid,Blood,Chemistry,mg/dL,293,1.2363912566461304,368,0.1,6.294436860068259,17.8
心血管,50883,"Bilirubin, Direct",Blood,Chemistry,mg/dL,286,1.2068528989788168,315,0.0,2.291054778554779,35.5
心血管,51009,Vancomycin,Blood,Chemistry,ug/mL,280,1.1815343066925479,299,1.8,17.746071428571426,103.0
心血管,50976,"Protein, Total",Blood,Chemistry,g/dL,273,1.1519959490252343,284,2.0,6.155128205128205,9.3
心血管,50884,"Bilirubin, Indirect",Blood,Chemistry,mg/dL,269,1.1351168875010549,295,0.0,1.4635687732342006,20.9
心血管,51102,"Total Protein, Urine",Urine,Chemistry,mg/dL,249,1.0507215798801586,257,4.0,109.21686746987952,1865.0
心血管,50995,"Thyroxine (T4), Free",Blood,Chemistry,ng/dL,197,0.8312937800658283,199,0.13,1.2231218274111675,3.0
心血管,50917,Digoxin,Blood,Chemistry,ng/mL,194,0.8186344839226939,201,0.2,0.9855670103092783,4.1
心血管,50909,Cortisol,Blood,Chemistry,ug/dL,170,0.7173601147776184,198,0.7,17.956911764705882,165.9
心血管,50801,Alveolar-arterial Gradient,Blood,Blood Gas,mm Hg,162,0.6836019917292598,212,131.0,421.5327160493827,654.0
心血管,50823,Required O2,Blood,Blood Gas,,162,0.6836019917292598,212,32.0,72.15401234567902,100.0
心血管,51099,Protein/Creatinine Ratio,Urine,Chemistry,Ratio,142,0.5992066841083635,147,0.1,1.7742957746478873,19.4
心血管,50930,Globulin,Blood,Chemistry,g/dL,138,0.5823276225841844,140,0.6,2.4507246376811596,4.9
心血管,50803,"Calculated Bicarbonate, Whole Blood",Blood,Blood Gas,mEq/L,135,0.5696683264410499,169,12.0,23.8179012345679,40.0
心血管,51257,Nucleated Red Cells,Blood,Hematology,%,134,0.5654485610600051,153,0.1,2.95136815920398,66.0
心血管,50815,O2 Flow,Blood,Blood Gas,L/min,123,0.5190311418685121,147,0.4,11.657046070460703,100.0
心血管,51116,Lymphocytes,Ascites,Hematology,%,118,0.49793231496328805,118,0.0,28.338983050847457,89.0
心血管,51120,Monocytes,Ascites,Hematology,%,118,0.49793231496328805,118,0.0,13.338983050847459,77.0
心血管,51125,Polys,Ascites,Hematology,%,118,0.49793231496328805,118,0.0,24.152542372881356,100.0
心血管,51127,"RBC, Ascites",Ascites,Hematology,#/uL,118,0.49793231496328805,118,0.0,13781.601694915254,297500.0
心血管,52065,"Total Nucleated Cells, Ascites",Ascites,Hematology,#/uL,118,0.49793231496328805,118,0.0,2338.5593220338983,171000.0
心血管,50994,Thyroxine (T4),Blood,Chemistry,ug/dL,111,0.46839395729597433,114,2.2,6.502252252252252,11.7
心血管,50906,"Cholesterol, LDL, Measured",Blood,Chemistry,mg/dL,108,0.4557346611528399,108,50.0,100.85185185185185,311.0
心血管,51479,Granular Casts,Urine,Hematology,#/lpf,108,0.4557346611528399,111,1.0,5.351851851851852,44.0
心血管,50965,Parathyroid Hormone,Blood,Chemistry,pg/mL,108,0.4557346611528399,114,6.0,159.67283950617286,1868.0
心血管,52007,UTX4,Urine,Chemistry,,101,0.42619630348552623,101,-595.0,-275.7524752475247,730.0
心血管,52008,UTX5,Urine,Chemistry,,100,0.4219765381044814,100,-384.0,-233.05,520.0
心血管,50950,Immunoglobulin G,Blood,Chemistry,mg/dL,99,0.4177567727234366,101,183.0,1210.3989898989898,11075.0
心血管,52004,UTX1,Urine,Chemistry,,99,0.4177567727234366,99,-481.0,-261.32323232323233,198.0
心血管,52005,UTX2,Urine,Chemistry,,99,0.4177567727234366,99,-870.0,-519.989898989899,303.0
心血管,52006,UTX3,Urine,Chemistry,,99,0.4177567727234366,99,0.0,389.55555555555554,5883.0
心血管,52010,UTX7,Urine,Chemistry,,99,0.4177567727234366,99,-604.0,-355.09090909090907,435.0
心血管,50864,Alpha-Fetoprotein,Blood,Chemistry,ng/mL,98,0.41353700734239174,98,1.0,22123.65714285714,700600.0
心血管,50949,Immunoglobulin A,Blood,Chemistry,mg/dL,98,0.41353700734239174,101,9.0,286.69897959183675,2104.0
心血管,52009,UTX6,Urine,Chemistry,,95,0.4008777111992573,95,-86.0,-62.578947368421055,207.0
心血管,51564,ARCH-1,Blood,Chemistry,,88,0.37133935353194364,88,0.05,6.0011363636363635,517.37
心血管,50927,Gamma Glutamyltransferase,Blood,Chemistry,IU/L,88,0.37133935353194364,90,8.0,225.07386363636363,1578.0
心血管,51117,Macrophage,Ascites,Hematology,%,88,0.37133935353194364,88,1.0,35.77272727272727,88.0
心血管,51501,Transitional Epithelial Cells,Urine,Hematology,#/hpf,86,0.362899822769854,86,1.0,1.5232558139534884,9.0
心血管,50978,Rapamycin,Blood,Chemistry,ng/mL,84,0.35446029200776435,88,2.2,8.007738095238095,27.8
心血管,50900,Carcinoembyronic Antigen (CEA),Blood,Chemistry,ng/mL,83,0.35024052662671956,83,1.0,130.19518072289156,4022.0
心血管,50951,Immunoglobulin M,Blood,Chemistry,mg/dL,80,0.3375812304835851,82,3.0,131.00625,1313.0
心血管,51118,Mesothelial Cell,Ascites,Hematology,%,80,0.3375812304835851,80,1.0,7.275,63.0
心血管,52264,Lymphs,Cerebrospinal Fluid,Hematology,%,79,0.3333614651025403,104,0.0,52.89873417721519,100.0
心血管,52272,Monocytes,Cerebrospinal Fluid,Hematology,%,79,0.3333614651025403,104,0.0,21.89873417721519,100.0
心血管,52281,Polys,Cerebrospinal Fluid,Hematology,%,79,0.3333614651025403,104,0.0,18.61392405063291,86.0
心血管,52286,"Total Nucleated Cells, CSF",Cerebrospinal Fluid,Hematology,#/uL,79,0.3333614651025403,104,0.0,118.32911392405063,7000.0
心血管,52285,"RBC, CSF",Cerebrospinal Fluid,Hematology,#/uL,78,0.3291416997214955,102,0.0,4438.679487179487,109500.0
心血管,53161,Estimated GFR (CKD- EPI Refit),Blood,Chemistry,mL/min/1.73m2,77,0.3249219343404507,80,47.0,93.48701298701299,135.0
心血管,51802,"Total Protein, CSF",Cerebrospinal Fluid,Chemistry,mg/dL,77,0.3249219343404507,77,6.0,103.81818181818181,2540.0
心血管,51790,"Glucose, CSF",Cerebrospinal Fluid,Chemistry,mg/dL,75,0.31648240357836105,75,17.0,76.26666666666667,197.0
心血管,50849,"Total Protein, Ascites",Ascites,Chemistry,g/dL,75,0.31648240357836105,75,0.1,1.6546666666666667,7.4
心血管,51099,Protein/Creatinine Ratio,Urine,Chemistry,mg/mg,72,0.3038231074352266,75,0.1,1.5298611111111111,12.5
心血管,51282,"Reticulocyte Count, Absolute",Blood,Hematology,m/uL,69,0.2911638112920922,71,0.01,0.06594202898550725,0.33
心血管,51663,HPE7,Blood,Chemistry,,61,0.25740568824373367,61,0.027,7.4154098360655745,160.3
心血管,50890,C3,Blood,Chemistry,mg/dL,60,0.2531859228626888,61,32.0,109.69166666666666,180.0
心血管,50891,C4,Blood,Chemistry,mg/dL,59,0.24896615748164402,60,7.0,27.728813559322035,67.0
心血管,51446,Lymphocytes,Pleural,Hematology,%,59,0.24896615748164402,62,0.0,36.983050847457626,96.0
心血管,51450,Monos,Pleural,Hematology,%,59,0.24896615748164402,62,0.0,5.288135593220339,53.0
心血管,51455,Polys,Pleural,Hematology,%,59,0.24896615748164402,62,0.0,31.02542372881356,98.0
心血管,52391,"Total Nucleated Cells, Pleural",Pleural,Hematology,#/uL,59,0.24896615748164402,62,19.0,2432.8813559322034,46500.0
心血管,51657,HPE1,Blood,Chemistry,,58,0.2447463921005992,58,0.161,122.7364827586207,2665.0
心血管,51001,Triiodothyronine (T3),Blood,Chemistry,ng/dL,58,0.2447463921005992,59,30.0,81.39655172413794,169.0
心血管,51218,Granulocyte Count,Blood,Hematology,#/uL,57,0.24052662671955438,63,10.0,2229.0175438596493,15860.0
心血管,50914,Cyclosporin,Blood,Chemistry,ng/mL,55,0.23208709595746477,57,32.0,173.44545454545454,775.0
心血管,50915,D-Dimer,Blood,Chemistry,ng/mL,54,0.22786733057641995,55,151.0,1528.8333333333333,9734.0
心血管,51457,"RBC, Pleural",Pleural,Hematology,#/uL,54,0.22786733057641995,57,6.0,13648.25,126500.0
心血管,51054,"Lactate Dehydrogenase, Pleural",Pleural,Chemistry,IU/L,53,0.22364756519537513,56,31.0,568.5283018867924,6291.0
心血管,51059,"Total Protein, Pleural",Pleural,Chemistry,g/dL,52,0.21942779981433033,55,0.2,2.810576923076923,5.6
心血管,51427,Lymphocytes,Other Body Fluid,Hematology,%,51,0.2152080344332855,53,0.0,23.04901960784314,100.0
心血管,51431,Monos,Other Body Fluid,Hematology,%,51,0.2152080344332855,53,0.0,15.22549019607843,91.0
心血管,51436,Polys,Other Body Fluid,Hematology,%,51,0.2152080344332855,53,0.0,38.254901960784316,97.0
心血管,51053,"Glucose, Pleural",Pleural,Chemistry,mg/dL,50,0.2109882690522407,53,0.0,109.31,236.0
心血管,51375,Lymphocytes,Joint Fluid,Hematology,%,50,0.2109882690522407,51,0.0,11.55,72.0
心血管,51379,Monocytes,Joint Fluid,Hematology,%,50,0.2109882690522407,51,0.0,9.33,48.0
心血管,51382,Polys,Joint Fluid,Hematology,%,50,0.2109882690522407,51,0.0,65.44,100.0
心血管,52312,"Total Nucleated Cells, Joint",Joint Fluid,Hematology,#/uL,50,0.2109882690522407,51,1.0,18881.52,343000.0
心血管,50866,Ammonia,Blood,Chemistry,umol/L,49,0.20676850367119587,50,12.0,54.204081632653065,316.0
心血管,51659,HPE3,Blood,Chemistry,,49,0.20676850367119587,49,0.005,1.544081632653061,2.16
心血管,50974,Prostate Specific Antigen,Blood,Chemistry,ng/mL,48,0.20254873829015108,48,0.1,154.558125,6490.0
心血管,50843,"Lactate Dehydrogenase, Ascites",Ascites,Chemistry,IU/L,46,0.19410920752806143,46,25.0,105.08695652173913,963.0
心血管,50853,25-OH Vitamin D,Blood,Chemistry,ng/mL,44,0.18566967676597182,47,10.0,28.71590909090909,63.0
心血管,51447,Macrophages,Pleural,Hematology,%,43,0.181449911384927,44,1.0,24.58139534883721,83.0
心血管,51383,"RBC, Joint Fluid",Joint Fluid,Hematology,#/uL,43,0.181449911384927,44,0.0,76109.58139534884,625000.0
心血管,51130,Absolute CD3 Count,Blood,Hematology,#/uL,42,0.17723014600388218,42,183.0,1168.9761904761904,2272.0
心血管,51131,Absolute CD4 Count,Blood,Hematology,#/uL,42,0.17723014600388218,42,23.0,385.7142857142857,948.0
心血管,51132,Absolute CD8 Count,Blood,Hematology,#/uL,42,0.17723014600388218,42,105.0,754.4285714285714,1883.0
心血管,52769,Absolute Lymphocyte Count,Blood,Hematology,#/uL,42,0.17723014600388218,42,290.0,1509.2380952380952,2668.0
心血管,51176,"CD3 Cells, Percent",Blood,Hematology,%,42,0.17723014600388218,42,26.0,76.04761904761905,96.0
心血管,51180,"CD4 Cells, Percent",Blood,Hematology,%,42,0.17723014600388218,42,5.0,24.523809523809526,63.0
心血管,51181,CD4/CD8 Ratio,Blood,Hematology,Ratio,42,0.17723014600388218,42,0.1,0.6811904761904761,4.4
心血管,51194,"CD8 Cells, Percent",Blood,Hematology,%,42,0.17723014600388218,42,14.0,49.476190476190474,79.0
心血管,51245,"Lymphocytes, Percent",Blood,Hematology,%,42,0.17723014600388218,42,3.0,26.071428571428573,74.0
心血管,51300,WBC Count,Blood,Hematology,K/uL,42,0.17723014600388218,42,1.6,7.957142857142857,26.7
心血管,52369,"Total Nucleated Cells, Other",Other Body Fluid,Hematology,#/uL,41,0.17301038062283736,42,0.0,8335.841463414634,114500.0
心血管,50842,"Glucose, Ascites",Ascites,Chemistry,mg/dL,40,0.16879061524179256,40,80.0,171.15,986.0
心血管,50805,Carboxyhemoglobin,Blood,Blood Gas,%,39,0.16457084986074774,40,0.0,1.3128205128205128,7.0
心血管,50980,Rheumatoid Factor,Blood,Chemistry,IU/mL,37,0.15613131909865813,39,6.0,32.986486486486484,413.0
心血管,51438,"RBC, Other Fluid",Other Body Fluid,Hematology,#/uL,36,0.1519115537176133,37,0.0,95072.20833333333,2164067.0
心血管,50831,pH,Other Body Fluid,Blood Gas,units,35,0.14769178833656849,40,6.69,7.356857142857143,7.7
心血管,51284,"Reticulocyte Count, Manual",Blood,Hematology,%,34,0.14347202295552366,35,0.5,3.5941176470588236,35.0
心血管,51008,Valproic Acid,Blood,Chemistry,ug/mL,34,0.14347202295552366,37,5.0,54.64705882352941,129.0
心血管,51737,STX6,Blood,Chemistry,,33,0.13925225757447887,33,-82.0,-57.21212121212121,-40.0
心血管,50996,"Tissue Transglutaminase Ab, IgA",Blood,Chemistry,units,33,0.13925225757447887,33,1.0,7.878787878787879,34.0
心血管,51070,"Albumin/Creatinine, Urine",Urine,Chemistry,mg/g,31,0.13081272681238923,31,3.9,827.0193548387098,7538.5
心血管,51297,Thrombin,Blood,Hematology,sec,30,0.1265929614313444,31,11.4,50.555,150.0
心血管,50856,Acetaminophen,Blood,Chemistry,ug/mL,29,0.1223731960502996,32,5.0,13.312068965517241,49.0
心血管,51046,"Albumin, Pleural",Pleural,Chemistry,g/dL,29,0.1223731960502996,30,0.2,1.7586206896551724,3.5
心血管,51148,Blasts,Blood,Hematology,%,29,0.1223731960502996,41,1.0,25.613793103448273,90.0
心血管,51428,Macrophage,Other Body Fluid,Hematology,%,29,0.1223731960502996,31,1.0,25.862068965517242,88.0
心血管,51448,Mesothelial Cells,Pleural,Hematology,%,29,0.1223731960502996,30,1.0,10.155172413793103,68.0
心血管,50814,Methemoglobin,Blood,Blood Gas,%,29,0.1223731960502996,32,0.0,0.4551724137931034,19.0
心血管,51095,"Phosphate, Urine",Urine,Chemistry,mg/dL,28,0.1181534306692548,28,11.3,55.760714285714286,162.9
心血管,51069,"Albumin, Urine",Urine,Chemistry,mg/dL,27,0.11393366528820997,27,0.5,78.46666666666667,588.0
心血管,50929,Gentamicin,Blood,Chemistry,ug/mL,27,0.11393366528820997,32,0.3,2.136111111111111,7.0
心血管,51271,"Protein C, Functional",Blood,Hematology,%,27,0.11393366528820997,27,34.0,98.18518518518519,141.0
心血管,51273,"Protein S, Functional",Blood,Hematology,%,26,0.10971389990716517,26,26.0,91.1923076923077,176.0
心血管,51105,"Uric Acid, Urine",Urine,Chemistry,mg/dL,26,0.10971389990716517,27,9.3,30.76153846153846,83.3
心血管,51051,"Cholesterol, Pleural",Pleural,Chemistry,mg/dL,25,0.10549413452612035,27,7.0,45.34,98.0
心血管,50835,"Albumin, Ascites",Ascites,Chemistry,g/dL,24,0.10127436914507554,24,0.5,1.8166666666666667,4.8
心血管,51259,Other Cells,Blood,Hematology,%,24,0.10127436914507554,32,0.0,7.59375,83.0
心血管,50892,CA-125,Blood,Chemistry,U/mL,23,0.09705460376403072,23,14.0,1079.6521739130435,6068.0
心血管,51077,"Calcium, Urine",Urine,Chemistry,mg/dL,22,0.09283483838298591,22,0.3,3.75,11.6
心血管,51269,Promyelocytes,Blood,Hematology,%,22,0.09283483838298591,25,1.0,1.4090909090909092,5.0
心血管,51444,Eosinophils,Pleural,Hematology,%,21,0.08861507300194109,22,1.0,6.4523809523809526,45.0
心血管,50915,D-Dimer,Blood,Chemistry,ng/mL FEU,20,0.08439530762089628,21,158.0,1080.85,7316.0
心血管,51658,HPE2,Blood,Chemistry,,20,0.08439530762089628,20,3.84,147.64749999999998,866.4
心血管,51114,Eosinophils,Ascites,Hematology,%,19,0.08017554223985146,19,1.0,2.0526315789473686,7.0
心血管,51749,Treponema pallidum (syphilis) value,Blood,Chemistry,,19,0.08017554223985146,19,0.0,0.4652631578947368,5.9
心血管,51138,Anticardiolipin Antibody IgG,Blood,Hematology,GPL,18,0.07595577685880665,19,2.1,7.816666666666666,34.4
心血管,51139,Anticardiolipin Antibody IgM,Blood,Hematology,MPL,18,0.07595577685880665,19,3.1,6.699999999999999,17.3
心血管,50957,Lithium,Blood,Chemistry,mmol/L,18,0.07595577685880665,28,0.3,0.9805555555555555,4.4
心血管,51376,Macrophage,Joint Fluid,Hematology,%,18,0.07595577685880665,18,1.0,17.88888888888889,84.0
心血管,50836,"Amylase, Ascites",Ascites,Chemistry,IU/L,17,0.07173601147776183,18,3.0,1322.4117647058824,12800.0
心血管,51140,Antithrombin,Blood,Hematology,%,17,0.07173601147776183,17,51.0,80.23529411764706,113.0
心血管,50881,Beta-2 Microglobulin,Blood,Chemistry,mg/L,17,0.07173601147776183,20,1.2,2.9176470588235297,6.1
心血管,50838,"Bilirubin, Total, Ascites",Ascites,Chemistry,mg/dL,17,0.07173601147776183,19,0.1,1.5,16.9
心血管,51429,Mesothelial cells,Other Body Fluid,Hematology,%,17,0.07173601147776183,18,0.0,5.352941176470588,46.0
心血管,51123,Other,Ascites,Hematology,%,17,0.07173601147776183,17,0.0,8.294117647058824,90.0
心血管,51453,Other,Pleural,Hematology,%,17,0.07173601147776183,17,0.0,5.352941176470588,31.0
心血管,51067,24 hr Creatinine,Urine,Chemistry,mg/24hr,16,0.06751624609671703,18,780.0,1242.75,2109.0
心血管,51196,D-Dimer,Blood,Hematology,ng/mL,16,0.06751624609671703,20,420.0,2340.546875,7257.0
心血管,51196,D-Dimer,Blood,Hematology,ng/mL FEU,16,0.06751624609671703,16,226.0,1991.6875,7569.0
心血管,51087,Length of Urine Collection,Urine,Chemistry,,16,0.06751624609671703,22,12.0,23.5,24.0
心血管,51689,Lyme G and M Value,Blood,Chemistry,,16,0.06751624609671703,16,0.1,0.645,3.88
心血管,50973,Prolactin,Blood,Chemistry,ng/mL,16,0.06751624609671703,17,1.2,1173.36875,9530.0
心血管,51734,STX3,Blood,Chemistry,,16,0.06751624609671703,16,0.0,2.3125,18.0
心血管,51735,STX4,Blood,Chemistry,,16,0.06751624609671703,16,-40.0,-21.0625,177.0
心血管,51736,STX5,Blood,Chemistry,,16,0.06751624609671703,16,-89.0,-78.0,-67.0
心血管,51108,Urine Volume,Urine,Chemistry,mL,16,0.06751624609671703,22,525.0,2146.3541666666665,4600.0
心血管,52109,dRVVT - Screen,Blood,Hematology,,16,0.06751624609671703,16,0.87,1.096875,1.48
心血管,51094,pH,Urine,Chemistry,,16,0.06751624609671703,22,2.0,5.791666666666667,8.0
心血管,53105,E GENE CT,Other Body Fluid,Chemistry,,15,0.0632964807156722,15,0.0,0.0,0.0
心血管,53106,E GENE ENDPT,Other Body Fluid,Chemistry,,15,0.0632964807156722,15,-3.0,1.6666666666666667,5.0
心血管,51368,Eosinophils,Joint Fluid,Hematology,%,15,0.0632964807156722,15,1.0,3.1333333333333333,10.0
心血管,53111,N2 GENE CT,Other Body Fluid,Chemistry,,15,0.0632964807156722,15,0.0,0.0,0.0
心血管,53112,N2 GENE ENDPT,Other Body Fluid,Chemistry,,15,0.0632964807156722,15,-3.0,-0.4666666666666667,2.0
心血管,50841,"Creatinine, Ascites",Ascites,Chemistry,mg/dL,14,0.0590767153346274,14,0.4,1.942857142857143,7.9
心血管,51419,Eosinophils,Other Body Fluid,Hematology,%,14,0.0590767153346274,14,1.0,3.2142857142857144,10.0
心血管,52266,Macrophage,Cerebrospinal Fluid,Hematology,%,14,0.0590767153346274,15,1.0,19.642857142857142,66.0
心血管,51026,"Amylase, Body Fluid",Other Body Fluid,Chemistry,IU/L,13,0.05485694995358258,14,3.2,2052.669230769231,11530.0
心血管,51047,"Amylase, Pleural",Pleural,Chemistry,IU/L,13,0.05485694995358258,14,0.0,19.53846153846154,52.0
心血管,50922,Ethanol,Blood,Chemistry,mg/dL,13,0.05485694995358258,13,10.0,108.0,272.0
心血管,51625,Free Kappa,Blood,Chemistry,mg/L,13,0.05485694995358258,13,4.3,20.753846153846155,49.1
心血管,51626,Free Kappa/Free Lambda Ratio,Blood,Chemistry,,13,0.05485694995358258,13,0.01,1.0623076923076924,1.7
心血管,51627,Free Lambda,Blood,Chemistry,mg/L,13,0.05485694995358258,13,11.9,72.26923076923077,682.8
心血管,50966,Phenobarbital,Blood,Chemistry,ug/mL,13,0.05485694995358258,13,6.3,31.96153846153846,126.0
心血管,52179,SCT - Screen,Blood,Hematology,,13,0.05485694995358258,13,0.54,0.7892307692307692,0.93
心血管,52020,UTX10,Urine,Chemistry,,13,0.05485694995358258,13,-58.0,-6.461538461538462,50.0
心血管,51463,Bacteria,Urine,Hematology,,12,0.05063718457253777,12,0.0,0.08333333333333333,1.0
心血管,51034,"Glucose, Body Fluid",Other Body Fluid,Chemistry,mg/dL,12,0.05063718457253777,12,20.0,96.33333333333333,267.0
心血管,51434,Other Cell,Other Body Fluid,Hematology,%,12,0.05063718457253777,13,1.0,17.208333333333332,62.0
心血管,51043,"Total Protein, Body Fluid",Other Body Fluid,Chemistry,g/dL,12,0.05063718457253777,12,1.5,4.6499999999999995,6.3
心血管,51025,"Albumin, Body Fluid",Other Body Fluid,Chemistry,g/dL,11,0.046417419191492955,11,0.5,2.6545454545454543,3.6
心血管,50899,Carbamazepine,Blood,Chemistry,ug/mL,11,0.046417419191492955,12,0.6,5.086363636363637,8.6
心血管,52256,Eosinophils,Cerebrospinal Fluid,Hematology,%,11,0.046417419191492955,13,1.0,3.5454545454545454,22.0
心血管,51035,"LD, Body Fluid",Other Body Fluid,Chemistry,IU/L,11,0.046417419191492955,11,36.0,742.1818181818181,1992.0
心血管,51088,"Magnesium, Urine",Urine,Chemistry,mg/dL,11,0.046417419191492955,11,0.5,4.5636363636363635,12.2
心血管,51471,Cellular Cast,Urine,Hematology,#/lpf,10,0.04219765381044814,10,1.0,2.1,5.0
心血管,53169,Ceph-IC,Other Body Fluid,Chemistry,,10,0.04219765381044814,10,27.5,29.27,33.8
心血管,51662,HPE6,Blood,Chemistry,,10,0.04219765381044814,10,0.237,1.5958,9.47
心血管,50945,Homocysteine,Blood,Chemistry,umol/L,10,0.04219765381044814,10,6.6,25.11,159.7
心血管,53097,COV10,Other Body Fluid,Chemistry,,9,0.03797788842940333,9,0.0,0.0,0.0
心血管,53098,COV11,Other Body Fluid,Chemistry,,9,0.03797788842940333,9,0.0,1.1111111111111112,2.0
心血管,50895,Calculated TBG,Blood,Chemistry,Ratio,9,0.03797788842940333,9,0.28,0.9277777777777777,1.17
心血管,50896,Calculated Thyroxine (T4) Index,Blood,Chemistry,ug/dL,9,0.03797788842940333,9,4.8,10.7,41.8
心血管,50926,Follicle Stimulating Hormone,Blood,Chemistry,mIU/mL,9,0.03797788842940333,10,3.3,21.555555555555557,44.0
心血管,51228,Heparin,Blood,Hematology,IU/mL,9,0.03797788842940333,16,0.06,0.2875925925925926,0.88
心血管,51795,"Lactate Dehydrogenase, CSF",Cerebrospinal Fluid,Chemistry,IU/L,9,0.03797788842940333,10,13.0,32.166666666666664,72.0
心血管,50958,Luteinizing Hormone,Blood,Chemistry,mIU/mL,9,0.03797788842940333,10,2.2,14.555555555555555,42.0
心血管,51497,Renal Epithelial Cells,Urine,Hematology,#/hpf,9,0.03797788842940333,9,1.0,1.7777777777777777,6.0
心血管,51005,Uptake Ratio,Blood,Chemistry,Ratio,9,0.03797788842940333,9,0.85,1.2844444444444445,3.57
心血管,53170,CephIC Endpt,Other Body Fluid,Chemistry,,8,0.03375812304835851,8,109.0,233.875,357.0
心血管,51615,Epstein-Barr Virus EBNA IgG Ab,Blood,Chemistry,,8,0.03375812304835851,8,0.47,1.7175,4.37
心血管,51616,Epstein-Barr Virus IgG Ab Value,Blood,Chemistry,,8,0.03375812304835851,8,0.79,2.4875000000000003,4.9
心血管,51617,Epstein-Barr Virus IgM Ab Value,Blood,Chemistry,,8,0.03375812304835851,8,0.0,0.075,0.12
心血管,51206,Factor VIII,Blood,Hematology,%,8,0.03375812304835851,9,28.0,132.5625,364.0
心血管,51369,"Hematocrit, Joint Fluid",Joint Fluid,Hematology,%,8,0.03375812304835851,8,2.5,15.6875,38.0
心血管,51224,Hemoglobin C,Blood,Hematology,%,8,0.03375812304835851,8,0.0,0.0,0.0
心血管,51226,Hemogloblin A,Blood,Hematology,%,8,0.03375812304835851,8,24.3,79.125,97.9
心血管,51227,Hemogloblin S,Blood,Hematology,%,8,0.03375812304835851,8,0.0,13.8375,70.3
心血管,50946,Human Chorionic Gonadotropin,Blood,Chemistry,mIU/mL,8,0.03375812304835851,8,6.0,47764.875,212032.0
心血管,51060,"Triglycerides, Pleural",Pleural,Chemistry,mg/dL,8,0.03375812304835851,8,21.0,54.125,153.0
心血管,51068,24 hr Protein,Urine,Chemistry,mg/24hr,7,0.0295383576673137,7,160.0,539.4285714285714,1098.0
心血管,53173,COV8IC,Other Body Fluid,Chemistry,,7,0.0295383576673137,7,27.18,27.49857142857143,27.9
心血管,53174,COV8MC,Other Body Fluid,Chemistry,,7,0.0295383576673137,7,0.187,0.20214285714285715,0.215
心血管,51422,"Hematocrit, Other Fluid",Other Body Fluid,Hematology,%,7,0.0295383576673137,7,2.0,10.0,34.0
心血管,51223,Hemoglobin A2,Blood,Hematology,%,7,0.0295383576673137,7,1.3,2.414285714285714,4.4
心血管,51229,"Heparin, LMW",Blood,Hematology,U/mL,7,0.0295383576673137,7,0.33,0.8857142857142858,1.43
心血管,51270,"Protein C, Antigen",Blood,Hematology,%,7,0.0295383576673137,7,29.0,50.285714285714285,87.0
心血管,51272,"Protein S, Antigen",Blood,Hematology,%,7,0.0295383576673137,7,64.0,91.0,114.0
心血管,52024,"Creatinine, Whole Blood",Blood,Blood Gas,mg/dL,6,0.025318592286268884,8,0.4,0.8833333333333333,1.4
心血管,51445,"Hematocrit, Pleural",Pleural,Hematology,%,6,0.025318592286268884,7,2.0,2.4166666666666665,4.0
心血管,51122,Nucleated RBC,Ascites,Hematology,%,6,0.025318592286268884,6,0.0,1.0,2.0
心血管,51276,Quantitative G6PD,Blood,Hematology,U/g/Hb,6,0.025318592286268884,6,9.1,11.4,13.5
心血管,50988,Testosterone,Blood,Chemistry,ng/dL,6,0.025318592286268884,6,20.0,390.5,1199.0
心血管,51111,Bands,Ascites,Hematology,%,5,0.02109882690522407,5,1.0,1.0,1.0
心血管,51587,CMV IgG Ab Value,Blood,Chemistry,,5,0.02109882690522407,5,0.39,1.0779999999999998,3.63
心血管,50898,Cancer Antigen 27.29,Blood,Chemistry,U/mL,5,0.02109882690522407,5,17.0,71.2,223.0
心血管,51052,"Creatinine, Pleural",Pleural,Chemistry,mg/dL,5,0.02109882690522407,5,0.5,1.1199999999999999,3.1
心血管,51660,HPE4,Blood,Chemistry,,5,0.02109882690522407,5,0.009,3.7312,9.46
心血管,51225,Hemoglobin F,Blood,Hematology,%,5,0.02109882690522407,5,0.0,7.720000000000001,33.5
心血管,51651,Hepatitis C Viral Load,Blood,Chemistry,log10 IU/mL,5,0.02109882690522407,5,2.1,5.2,6.6
心血管,51381,Other,Joint Fluid,Hematology,%,5,0.02109882690522407,5,1.0,19.6,93.0
心血管,52278,Other,Cerebrospinal Fluid,Hematology,%,5,0.02109882690522407,6,0.0,16.9,53.0
心血管,52107,dRVVT - Confirmation,Blood,Hematology,,5,0.02109882690522407,5,1.08,1.272,1.57
心血管,52108,dRVVT - Normalized Ratio,Blood,Hematology,,5,0.02109882690522407,5,0.86,1.136,1.35
心血管,50869,Anti-DGP (IgA/IgG),Blood,Chemistry,units,4,0.016879061524179256,4,0.0,4.75,8.0
心血管,51385,Atypical Lymphocytes,Other Body Fluid,Hematology,%,4,0.016879061524179256,4,0.0,1.0,2.0
心血管,52221,Atypical Lymphocytes,Cerebrospinal Fluid,Hematology,%,4,0.016879061524179256,5,0.0,1.125,2.0
心血管,52223,Bands,Cerebrospinal Fluid,Hematology,%,4,0.016879061524179256,5,1.0,4.625,13.0
心血管,52225,Basophils,Cerebrospinal Fluid,Hematology,%,4,0.016879061524179256,4,1.0,1.25,2.0
心血管,51028,"Bilirubin, Total, Body Fluid",Other Body Fluid,Chemistry,mg/dL,4,0.016879061524179256,4,1.1,3.6,9.1
心血管,51080,Creatinine Clearance,Urine,Chemistry,mL/min,4,0.016879061524179256,5,41.0,79.75,131.0
心血管,51081,"Creatinine, Serum",Urine,Chemistry,mg/dL,4,0.016879061524179256,5,0.8,1.1125,1.3
心血管,51654,HIV 1 Viral Load,Blood,Chemistry,log10 cop/mL,4,0.016879061524179256,4,1.8,4.075,5.6
心血管,51661,HPE5,Blood,Chemistry,,4,0.016879061524179256,4,0.141,0.35025,0.917
心血管,51229,"Heparin, LMW",Blood,Hematology,IU/mL,4,0.016879061524179256,4,0.48,0.6625,0.77
心血管,51648,Hepatitis B Viral Load,Blood,Chemistry,log10 IU/mL,4,0.016879061524179256,4,2.4,4.55,8.1
心血管,52018,PAN1,Urine,Chemistry,,4,0.016879061524179256,4,5.0,5.5,6.0
心血管,51454,Plasma Cells,Pleural,Hematology,%,4,0.016879061524179256,4,1.0,3.25,6.0
心血管,51289,Serum Viscosity,Blood,Hematology, ,4,0.016879061524179256,4,1.4,2.125,3.0
心血管,50982,Sex Hormone Binding Globulin,Blood,Chemistry,nmol/L,4,0.016879061524179256,4,16.0,66.0,95.0
心血管,50992,Thyroid Peroxidase Antibodies,Blood,Chemistry,IU/mL,4,0.016879061524179256,4,37.0,150.0,460.0
心血管,51101,Total Collection Time,Urine,Chemistry,hrs,4,0.016879061524179256,5,12.0,22.5,24.0
心血管,50850,"Triglycerides, Ascites",Ascites,Chemistry,mg/dL,4,0.016879061524179256,4,30.0,150.25,485.0
心血管,52012,UTX9,Urine,Chemistry,,4,0.016879061524179256,4,-245.0,-57.75,373.0
心血管,51106,Urine Creatinine,Urine,Chemistry,mg/dL,4,0.016879061524179256,5,47.0,74.625,109.0
心血管,51109,"Urine Volume, Total",Urine,Chemistry,mL,4,0.016879061524179256,5,750.0,1725.0,2675.0
心血管,51299,Von Willebrand Factor Antigen,Blood,Hematology,%,4,0.016879061524179256,4,94.0,206.0,270.0
心血管,51072,"Amylase, Urine",Urine,Chemistry,U/L,3,0.012659296143134442,3,368.0,8424.0,20670.0
心血管,51073,"Amylase/Creatinine Ratio, Urine",Urine,Chemistry,Ratio,3,0.012659296143134442,3,3.9,155.33333333333334,439.8
心血管,51112,Basophils,Ascites,Hematology,%,3,0.012659296143134442,3,1.0,1.3333333333333333,2.0
心血管,51076,"Bicarbonate, Urine",Urine,Chemistry,mEq/L,3,0.012659296143134442,3,5.0,7.666666666666667,10.0
心血管,51049,"Bilirubin, Total, Pleural",Pleural,Chemistry,mg/dL,3,0.012659296143134442,3,0.7,0.9666666666666667,1.2
心血管,50894,Calculated Free Testosterone,Blood,Chemistry,pg/mL,3,0.012659296143134442,3,58.0,92.33333333333333,155.0
心血管,51212,Fetal Hemoglobin,Blood,Hematology,%,3,0.012659296143134442,3,0.0,0.0,0.0
心血管,51228,Heparin,Blood,Hematology,U/mL,3,0.012659296143134442,3,0.47,1.0433333333333332,1.7
心血管,51124,Plasma,Ascites,Hematology,%,3,0.012659296143134442,3,1.0,1.0,1.0
心血管,51263,Plasma Cells,Blood,Hematology,%,3,0.012659296143134442,3,1.0,1.3333333333333333,2.0
心血管,51064,"Potassium, Stool",Stool,Chemistry,mEq/L,3,0.012659296143134442,3,14.6,49.833333333333336,80.9
心血管,51065,"Sodium, Stool",Stool,Chemistry,mEq/L,3,0.012659296143134442,3,74.0,101.66666666666667,129.0
心血管,50991,Thyroglobulin,Blood,Chemistry,ng/mL,3,0.012659296143134442,3,7.0,13.333333333333334,21.0
心血管,51298,Von Willebrand Factor Activity,Blood,Hematology,%,3,0.012659296143134442,3,85.0,187.0,316.0
心血管,51517,WBC Casts,Urine,Hematology,#/lpf,3,0.012659296143134442,3,2.0,2.0,2.0
心血管,51302,Young Cells,Blood,Hematology,%,3,0.012659296143134442,3,0.0,1.0,2.0
心血管,50865,Amikacin,Blood,Chemistry,ug/mL,2,0.008439530762089628,3,6.1,9.65,10.9
心血管,50877,Anti-Thyroglobulin Antibodies,Blood,Chemistry,IU/mL,2,0.008439530762089628,2,174.0,231.5,289.0
心血管,51110,Atypical Lymphocytes,Ascites,Hematology,%,2,0.008439530762089628,2,0.0,3.0,6.0
心血管,51366,Bands,Joint Fluid,Hematology,%,2,0.008439530762089628,2,2.0,2.0,2.0
心血管,51442,Basophils,Pleural,Hematology,%,2,0.008439530762089628,2,1.0,1.0,1.0
心血管,51467,Broad Casts,Urine,Hematology,#/lpf,2,0.008439530762089628,2,1.0,3.5,6.0
心血管,51165,CD19 %,Blood,Hematology,%,2,0.008439530762089628,2,0.12,0.195,0.27
心血管,51166,CD19 Absolute Count,Blood,Hematology,#/uL,2,0.008439530762089628,2,2.43,2.55,2.67
心血管,51169,CD20 %,Blood,Hematology,%,2,0.008439530762089628,2,0.12,0.175,0.23
心血管,51170,CD20 Absolute Count,Blood,Hematology,#/uL,2,0.008439530762089628,2,2.28,2.355,2.43
心血管,50840,"Cholesterol, Ascites",Ascites,Chemistry,mg/dL,2,0.008439530762089628,2,5.0,7.0,9.0
心血管,51762,EE1,Blood,Chemistry,,2,0.008439530762089628,2,0.401,0.461,0.521
心血管,51763,EE2,Blood,Chemistry,,2,0.008439530762089628,2,3.5,290.15,576.8
心血管,51768,EE6,Blood,Chemistry,,2,0.008439530762089628,2,0.04,0.041499999999999995,0.043
心血管,51204,Factor V,Blood,Hematology,%,2,0.008439530762089628,2,38.0,78.5,119.0
心血管,51205,Factor VII,Blood,Hematology,%,2,0.008439530762089628,2,22.0,26.5,31.0
心血管,53094,HBV VL CT,Blood,Chemistry,,2,0.008439530762089628,2,10.02,16.205,22.39
心血管,52257,"Hematocrit, CSF",Cerebrospinal Fluid,Hematology,%,2,0.008439530762089628,2,2.0,9.5,17.0
心血管,50961,Methotrexate,Blood,Chemistry,umol/L,2,0.008439530762089628,2,53.9,56.95,60.0
心血管,51452,NRBC,Pleural,Hematology,%,2,0.008439530762089628,2,1.0,2.0,3.0
心血管,52276,NRBC,Cerebrospinal Fluid,Hematology,%,2,0.008439530762089628,2,1.0,1.0,1.0
心血管,51063,"Osmolality, Stool",Stool,Chemistry,mOsm/kg,2,0.008439530762089628,2,275.0,307.0,339.0
心血管,51903,PAN1,Other Body Fluid,Chemistry,,2,0.008439530762089628,2,6.0,7.5,9.0
心血管,50968,"Phenytoin, Free",Blood,Chemistry,ug/mL,2,0.008439530762089628,2,1.4,1.75,2.1
心血管,50969,"Phenytoin, Percent Free",Blood,Chemistry,%,2,0.008439530762089628,2,10.0,14.5,19.0
心血管,51041,"Potassium, Body Fluid",Other Body Fluid,Chemistry,mEq/L,2,0.008439530762089628,2,3.8,3.9499999999999997,4.1
心血管,53175,RdRP Ct,Other Body Fluid,Chemistry,,2,0.008439530762089628,2,0.0,0.0,0.0
心血管,53176,RdRP Endpt,Other Body Fluid,Chemistry,,2,0.008439530762089628,2,0.0,0.0,0.0
心血管,51732,STX1,Blood,Chemistry,,2,0.008439530762089628,6,1.23,15.828,42.02
心血管,50981,Salicylate,Blood,Chemistry,mg/dL,2,0.008439530762089628,6,5.0,17.7,42.0
心血管,50997,Tobramycin,Blood,Chemistry,ug/mL,2,0.008439530762089628,2,7.4,7.8500000000000005,8.3
心血管,51024,"Total Protein, Joint Fluid",Joint Fluid,Chemistry,g/dL,2,0.008439530762089628,2,3.9,5.4,6.9
心血管,51507,"Urine Casts, Other",Urine,Hematology,#/lpf,2,0.008439530762089628,2,1.0,1.0,1.0
心血管,51019,"Albumin, Joint Fluid",Joint Fluid,Chemistry,g/dL,1,0.004219765381044814,1,2.2,2.2,2.2
心血管,51365,Atypical Lymphocytes,Joint Fluid,Hematology,%,1,0.004219765381044814,1,2.0,2.0,2.0
心血管,51440,Atypical Lymphocytes,Pleural,Hematology,%,1,0.004219765381044814,1,0.0,0.0,0.0
心血管,51386,Bands,Other Body Fluid,Hematology,%,1,0.004219765381044814,1,1.0,1.0,1.0
心血管,51367,Basophils,Joint Fluid,Hematology,%,1,0.004219765381044814,1,3.0,3.0,3.0
心血管,51027,"Bicarbonate, Other Fluid",Other Body Fluid,Chemistry,mEq/L,1,0.004219765381044814,1,14.0,14.0,14.0
心血管,51174,CD3 %,Blood,Hematology,%,1,0.004219765381044814,1,69.34,69.34,69.34
心血管,51175,CD3 Absolute Count,Blood,Hematology,#/uL,1,0.004219765381044814,1,615.74,615.74,615.74
心血管,51185,CD5 %,Blood,Hematology,%,1,0.004219765381044814,1,69.61,69.61,69.61
心血管,51186,CD5 Absolute Count,Blood,Hematology,#/uL,1,0.004219765381044814,1,618.14,618.14,618.14
心血管,51030,"Chloride, Body Fluid",Other Body Fluid,Chemistry,mEq/L,1,0.004219765381044814,1,70.0,70.0,70.0
心血管,51032,"Creatinine, Body Fluid",Other Body Fluid,Chemistry,mg/dL,1,0.004219765381044814,1,1.4,1.4,1.4
心血管,51765,EE3,Blood,Chemistry,,1,0.004219765381044814,1,60.0,60.0,60.0
心血管,51764,EE7,Blood,Chemistry,,1,0.004219765381044814,1,0.006,0.006,0.006
心血管,53180,Estimated GFR (CKD- EPI 2021),Blood,Blood Gas,mL/min/1.73m2,1,0.004219765381044814,1,123.0,123.0,123.0
心血管,51083,"Ethanol, Urine",Urine,Chemistry,,1,0.004219765381044814,1,153.0,153.0,153.0
心血管,51208,Factor X,Blood,Hematology,%,1,0.004219765381044814,1,50.0,50.0,50.0
心血管,51654,HIV 1 Viral Load,Blood,Chemistry,log10 copies/mL,1,0.004219765381044814,1,2.3,2.3,2.3
心血管,51480,Hematocrit,Urine,Hematology,%,1,0.004219765381044814,1,2.0,2.0,2.0
心血管,51115,"Hematocrit, Ascites",Ascites,Hematology,%,1,0.004219765381044814,1,7.0,7.0,7.0
心血管,52129,Hemoglobin Other,Blood,Hematology,%,1,0.004219765381044814,1,0.8,0.8,0.8
心血管,51652,High-Sensitivity CRP,Blood,Chemistry,mg/L,1,0.004219765381044814,1,6.9,6.9,6.9
心血管,51023,"LD, Joint Fluid",Joint Fluid,Chemistry,IU/L,1,0.004219765381044814,1,1497.0,1497.0,1497.0
心血管,51241,Leukocyte Alkaline Phosphatase,Blood,Hematology,Score,1,0.004219765381044814,1,225.0,225.0,225.0
心血管,52301,Lining Cell,Joint Fluid,Hematology,%,1,0.004219765381044814,1,5.0,5.0,5.0
心血管,51377,Mesothelial Cells,Joint Fluid,Hematology,%,1,0.004219765381044814,1,2.0,2.0,2.0
心血管,51380,NRBC,Joint Fluid,Hematology,%,1,0.004219765381044814,1,1.0,1.0,1.0
心血管,51433,NRBC,Other Body Fluid,Hematology,%,1,0.004219765381044814,1,4.0,4.0,4.0
心血管,51488,Non-squamous Epithelial Cells,Urine,Hematology,#/hpf,1,0.004219765381044814,1,1.0,1.0,1.0
心血管,51489,NonSquamous Epithelial Cell,Urine,Hematology,#/hpf,1,0.004219765381044814,1,1.0,1.0,1.0
心血管,51772,PAN3,Blood,Chemistry,,1,0.004219765381044814,1,62.0,62.0,62.0
心血管,52283,Promyelocytes,Cerebrospinal Fluid,Hematology,%,1,0.004219765381044814,1,0.0,0.0,0.0
心血管,51769,RUBIgGV,Blood,Chemistry,,1,0.004219765381044814,1,2.03,2.03,2.03
心血管,51733,STX2,Blood,Chemistry,,1,0.004219765381044814,1,181.0,181.0,181.0
心血管,51042,"Sodium, Body Fluid",Other Body Fluid,Chemistry,mEq/L,1,0.004219765381044814,1,93.0,93.0,93.0
心血管,50989,"Testosterone, Free",Blood,Chemistry,pg/mL,1,0.004219765381044814,1,3.1,3.1,3.1
心血管,51742,Toxoplasma IgG Ab Value,Blood,Chemistry,,1,0.004219765381044814,1,1.93,1.93,1.93
心血管,51744,Toxoplasma IgM Ab Value,Blood,Chemistry,,1,0.004219765381044814,1,0.87,0.87,0.87
心血管,51044,Triglycer,Other Body Fluid,Chemistry,mg/dL,1,0.004219765381044814,1,58.0,58.0,58.0
心血管,51754,VZV IgG Ab Value,Blood,Chemistry,,1,0.004219765381044814,1,0.42,0.42,0.42
心血管,51515,Waxy Casts,Urine,Hematology,#/lpf,1,0.004219765381044814,1,4.0,4.0,4.0
心血管,52220,wbcp,Blood,Hematology,%,1,0.004219765381044814,1,8.0,8.0,8.0
